id,latitude,longitude,country
470312624251361,30.269709869371,-97.73043806568,United States
842556179676871,58.822425908294,12.523744317007,Sweden
855633971963811,41.290807525473,-82.672337234546,United States
904633980373145,51.70066055124,9.8710727735524,Germany
1358393434906141,35.15109653304636,-118.89901974226552,United States
513175493038349,49.970646376586,15.309021364077,Czechia
826049561343371,54.076771401445,61.533960658327,Russian Federation
901714320412132,44.691525677073,20.267280465603,Serbia
842028183051694,51.323309658606,-1.0774205279457,United Kingdom
290976012691432,41.12639780128,-75.907332710181,United States
239627457957479,48.287661768211,40.359441542414,Russian Federation
974292070053693,51.498950795069,-2.3762581485714,United Kingdom
158418606211221,-29.162739196862,27.775360093815,Lesotho
130585219611165,35.75345137308677,-119.18741973567178,United States
187848356399094,54.249307547573,-8.5646029967298,Ireland
315269779967021,54.511804,18.549165,Poland
936650583786731,-7.3554748362238,110.51286893777,Indonesia
2431736130313020,43.68695624999999,68.86162205555554,Kazakhstan
508107010386901,49.458437921543,-2.5529920888598,Guernsey
300096308229128,55.945058442004,-3.1605753761433,United Kingdom
603801781070613,34.618498365044964,136.51561277911838,Japan
176784370986395,53.141402494643,15.502345600885,Poland
347721256693477,30.621830558923,-81.467855552678,United States
140467038109297,40.301614925598,69.614475994752,Tajikistan
910939839755138,39.983998586075,-75.085096712681,United States
758750744823078,57.848407548352,56.296407513942,Russian Federation
463216068938394,33.805450933107,77.798236704476,India
460001528425725,25.166436510569,67.668801982652,Pakistan
858448898217775,37.119871893247,-96.233234691626,United States
182762813832583,48.82636148099368,7.238692693091052,France
4296311640413551,47.197435166847,27.799900003594,"Moldova, Republic of"
275736897968255,33.11487879680244,-84.35588809005438,United States
499887437875306,13.19037970843,100.99855727801,Thailand
350673113057382,55.152429829198,20.851915287914,Lithuania
865148784506173,3.63579068657556,98.59774774132887,Indonesia
166726872080668,-34.558406021309,146.4158012844,Australia
498550858001188,43.624810794057,7.0417075589551,France
1139732339767317,-13.61925767727411,24.124473459189577,Zambia
482268116780123,15.047020620387332,-92.18657534779362,Mexico
172740051411378,56.860249256962,38.948833942719,Russian Federation
356740179315045,-20.54078321745702,-47.37044496086424,Brazil
750238832308017,43.754221281567,1.2829932885248,France
4084950774881757,14.0244936937,100.80182400313,Thailand
1165809343885068,34.77894766178,10.769957772521,Tunisia
270535208086079,39.824036434862,-104.77199940502,United States
841394979783282,38.009743521085,-91.606424784408,United States
230199618871639,5.0812208604431,-73.371151628114,Colombia
384821922753022,54.125985133715,-4.6248780133404,Isle of Man
518454000025105,53.27784869976359,-4.092844,United Kingdom
349481350151348,32.668208275045,-90.511492648342,United States
133167272190931,-29.7340000008,148.32297222304,Australia
397332167962452,36.26166534634,139.91898343365,Japan
845067026355146,53.546315227556,15.677528958353,Poland
171385961548859,39.293701676518,-76.68697933148,United States
3825324780884565,-38.18522577742,144.45583984639,Australia
1271699146621888,41.670233522607,-122.52386036496,United States
1184271255839438,44.79712239582277,-111.1551855468424,United States
821549935417415,51.457541846399,16.548968664151,Poland
440547923717478,-27.637935839772,153.16289672885,Australia
212412207148930,35.726679066588,-117.86890337034,United States
477173620052943,52.812063697015,4.7812155275712,Netherlands
1798240750350798,18.650996163689,99.499766081663,Thailand
190638689444885,-37.140842385442,145.25979958461,Australia
1167417290701279,41.20034334006555,-123.76199485835464,United States
778738283033820,53.704838173419,-1.6729871322563,United Kingdom
143645371081072,55.078248011339,40.049627061693,Russian Federation
232052068743335,33.492586741554,-117.67004815908,United States
154587659936108,50.640098148846,3.341990371864,Belgium
523648758633949,42.636213672699,-84.363908451898,United States
757763588240933,57.907833059664,60.023498033552,Russian Federation
388706569700715,18.93064467042262,-97.21240554391342,Mexico
226299869296424,51.76886324394,5.9350233812772,Netherlands
4051199641631327,38.783790821756,-104.73164430737,United States
1183852158703756,38.787838526398,139.97867111048,Japan
904827417027509,30.136335899972,-102.57731169997,United States
2078628835611811,53.479805808852,49.512371049761,Russian Federation
2910195295879339,63.613869343811,19.806129935803,Sweden
885779295774319,-37.481972056824304,143.7319761085509,Australia
134952411995136,-42.977410448612,147.30289004806,Australia
155593789838739,-36.041306113591,148.30214611136,Australia
510741686768270,10.088446557413,-83.982027552555,Costa Rica
306258210987032,66.589911609839,25.610225544204,Finland
910220416466587,19.216760999183,-99.131583997694,Mexico
819723022282739,-35.567944445281,148.32580554181,Australia
185431370106352,34.747914443629,10.353236285799,Tunisia
746390519357878,37.792429914849,-120.72544456452,United States
180466393981525,45.574926201174,21.014947294427,Romania
1185190761948820,44.065575894915,-88.57062866059,United States
828691357772039,43.157923206623,142.90313632498,Japan
290702852674249,35.552501945987,139.13933231578,Japan
1144135692749661,41.101469941997,28.800839157041,Türkiye
375326433731206,51.754852687683,8.7422431465799,Germany
270409904516523,40.103715586536,15.796837430174,Italy
428279794869859,34.94118131548,-82.082055172351,United States
288437839676887,40.470366118784,140.63261763676,Japan
345877990284940,41.313326508707,-81.791243332157,United States
927039011411721,51.724537742716,39.26279468848,Russian Federation
762712811105918,48.229885,22.382538332476,Hungary
195675582270594,50.091508986832,22.190744232715,Poland
573848240931411,40.65285623956,-93.843314832228,United States
507779153700662,51.111415686805,39.741343708978,Russian Federation
320104770312632,28.54970097642263,81.28735188947593,Nepal
1243750576028076,29.974460136943,-90.163603049156,United States
371557474258609,55.751353733391,37.788463627754,Russian Federation
201247531610528,46.361580208175,5.3298325579995,France
227693005353319,-12.511715247505,-40.32571230182,Brazil
146152150860606,63.573984182054,30.117981664775,Finland
2503397449967437,13.82886034092,100.67464758966,Thailand
488172982509666,44.716837030068,-91.933552125139,United States
323489282674638,46.099987451756,15.146962305179,Slovenia
168419738409492,50.989622349019,5.6785709460246,Belgium
772843653938306,52.323906243168274,23.32249234357822,Belarus
942058803283816,53.419809361409,27.420212433787,Belarus
322712325912130,43.86412645221,28.597692540123,Romania
3060547537598941,46.683153789915,8.2132273623183,Switzerland
531139968049423,41.324804701704,15.893386187543,Italy
850051912533724,38.328115417379,-75.623850911633,United States
1337125413469635,30.360666211064,-81.668820747136,United States
1093916604431947,34.00813484327,-118.31203207525,United States
4203118296407531,36.546134903598,-79.902941381014,United States
5829170800512220,56.03759580296433,-3.85717917551406,United Kingdom
794552221184672,56.144712301587,40.373229,Russian Federation
963671921050396,62.934943501171,10.186674675913,Norway
4758016457653460,43.4468395169523,6.727006422432166,France
958828134880688,54.687209983638,55.978253552053,Russian Federation
244021197500105,-28.381388888889,116.32022222222,Australia
1217096468747450,29.980129191586,-82.709961187557,United States
374110484038809,36.149975204885,-86.822506092207,United States
383681369800812,51.7810638684831,13.545892886713457,Germany
625353585093975,-34.10887560290616,-56.22453181524208,Uruguay
1230164737424162,49.725559934652125,21.564992693464816,Poland
2860345420883558,52.866861021903,13.724143874322,Germany
2810180185914495,-24.564088635047,31.130208699302,South Africa
183474240315825,35.764147440186,-5.8062617419717,Morocco
300748165008540,32.963073627636,-96.69737395014,United States
924267791760920,50.500804766952,18.605522895888,Poland
325309075601460,-42.539634163727,146.72087306122,Australia
146591340757613,47.641775189347,-122.26824596532,United States
1220909385012231,14.674563789065,-90.573108499938,Guatemala
822201708396209,44.503226895862,-68.41896000674,United States
243695980531452,-31.21561454613,149.38926647954,Australia
505372710655133,44.540545941031,-88.082591641258,United States
1653076441554468,52.61669509431,6.3189758914605,Netherlands
305715424580437,32.848714409258,-112.31003707604,United States
1114351279130760,60.75022520327234,8.836378822643233,Norway
2921082941519044,-6.098666458382043,23.564690582781623,"Congo, The Democratic Republic of the"
952070732103090,48.77201706924412,-122.39905762789972,United States
178946900770967,14.285056606358,-87.447897180085,Honduras
298181555359958,-27.057027894263,-51.685301811254,Brazil
4048684728546599,42.063334943344,19.520300461723,Albania
386611652456925,35.500736077339,139.44366492009,Japan
473609347291253,45.217915347007,5.7605829201072,France
1612431325625055,3.1428485493676,101.66103127432,Malaysia
320743109442178,-31.823621861453,149.7201299614,Australia
1913326465498047,17.438141824559,78.671905488658,India
759990518049522,34.686761678082,-82.219350651575,United States
470064297650719,47.693337607291,-121.96710469739,United States
353318672885127,9.8748387343037,76.596526666457,India
1462166580782757,47.68879213861501,28.74398275707516,"Moldova, Republic of"
858836151644111,37.269927537275,-79.175088808442,United States
308500507525960,30.337627534329,-81.730995348995,United States
265968588559092,-35.399763057572,-71.628934151735,Chile
942118373257568,33.710603879512,-112.25845296686,United States
294342705573193,49.452166071175,8.7180087528827,Germany
294689348815225,41.476915111779,-122.34994432753,United States
2926441447627579,51.185932987363,0.31729819921017,United Kingdom
292319759211297,41.736606868275,-86.152173223631,United States
333756168384699,39.544412123546806,-77.02447652528171,United States
368029134707614,67.73379629825767,24.26876441154776,Finland
113288850825751,45.338247318776,1.6422781515327,France
113848944121265,39.89546819788,32.848531885993,Türkiye
515910652748244,48.732795337731,21.044309524524,Slovakia
480491439948423,42.499652326535,-83.117943045466,United States
528551679369531,49.85844024587724,-97.09614538370806,Canada
524737928833824,40.34151778343144,140.64140913370548,Japan
4881106961988923,35.03569977266181,33.79413439889672,Cyprus
332031491677422,-7.0060402134242,111.10644334232,Indonesia
4171240256274160,36.038796752459,-86.843047177033,United States
310434323888878,59.851625929089,30.02552434527,Russian Federation
462095715013402,42.098304879388,-88.289132436528,United States
863909454329487,48.80896192559378,3.090948359342841,France
325499882426293,47.756826496966,7.644756711484,Germany
170842341693087,24.805367606240285,68.51452579171135,Pakistan
494806288636309,-0.28473032888661,-78.53633116729,Ecuador
224117845731981,32.744305738988,-96.873991656659,United States
478819883355657,-29.735616332451,27.504136350294,Lesotho
532131161113448,43.637072252086,-79.769962219855,Canada
1178602942591338,47.38463164705927,11.773826735888017,Austria
679444210065526,32.48462842188933,-85.02686934883282,United States
500874541101312,29.840571356626,-94.690599165794,United States
1699950943546844,-4.3080817704434,-38.498298853322,Brazil
744486862911358,-31.24489968788,150.44873569953,Australia
352437306416871,35.989375727618,139.74446858286,Japan
201523499108463,10.892180669864391,-6.751751971240442,Mali
166339862064817,53.777844271824,37.652720946736,Russian Federation
539503067052864,43.930309787479,4.7424426244708,France
572178240430650,-25.286871042166,-57.314249300679,Paraguay
989871778419233,53.295624886873,-8.7328417485603,Ireland
1757225591106192,32.941173695249,-117.11055434059,United States
292606382570703,44.342927967835,-72.752037729273,United States
4236522986400003,38.240212856895,-85.743591742239,United States
1081790935683834,55.789527120065,9.6995875560516,Denmark
146981260742917,-34.994783926121,138.58914850672,Australia
583111122651404,35.640020706971,-79.033665296315,United States
471014043976465,55.941104578873,26.943643468343,Latvia
991303125000310,21.49684168528,102.78658194661,Viet Nam
2814772302120058,45.946218840429,13.484859340081,Italy
375312753836918,52.402096202201,0.52857264790963,United Kingdom
180551493971546,5.1009938082596,-73.451184738348,Colombia
770760787144281,39.089364438863,-120.95319564509,United States
524900382017434,51.766966229921,14.064966698164,Germany
658696651636155,24.50429463149,54.602572967077,United Arab Emirates
191298786201315,46.320918130377,6.3262073168643,France
1238152326969110,48.76938876150721,-123.57699628070148,Canada
3721355294636873,45.05673008380581,38.87260122614644,Russian Federation
1105447829866042,55.623477591058,37.667951407627,Russian Federation
843180676284948,50.038260048857,22.204265677234,Poland
1413754752337297,44.72010370286,20.258078293098,Serbia
305573541046527,40.463888409334,-105.04410652894,United States
1166042810506457,48.958672979323,20.509487706477,Slovakia
293865795553682,38.745712143167,-77.508494591117,United States
532717044805500,28.659396518222,-81.849133254185,United States
755352728488866,49.174119949387,-122.9548125554,Canada
197482622091338,-43.049955678863,147.03861876565,Australia
506018990592656,44.118751640819,-72.054118714769,United States
331242421747288,34.435206046408,-114.22109288085,United States
488831082537778,51.566147359283,-0.24781718993915,United Kingdom
296211392065226,5.6648207808916,-73.363243417925,Colombia
918650198950004,46.562548507667,3.3306206641586,France
775510789634821,-22.914497897668,-47.194883809207,Brazil
297215481978140,43.862256870768,18.322220178294,Bosnia and Herzegovina
182398997054006,27.40048288698422,68.42115278129262,Pakistan
347484040056646,43.924010310169,-73.503646397961,United States
1642335455956739,55.411179457619,-1.6767538438237,United Kingdom
521747172341865,33.878127638038,-117.96818516798,United States
1238831423232649,34.518411791605,-113.09297353867,United States
526325612087157,23.153867690993,120.24912938757,"Taiwan, Province of China"
916805172430164,45.395360863604,-92.81805758252,United States
771922510181821,-29.328175037168,27.7727761236,Lesotho
254147876068896,41.73676859484,-122.63771099654,United States
1186054971865249,43.478048358849,1.9087580608264,France
1382954945493932,20.439862248219537,-97.405621169078,Mexico
224941682347192,35.056759323729,135.53409002379,Japan
503605344318563,51.115996649912,12.430551406475,Germany
963942297735213,40.802305435714,16.923075462089,Italy
495815768447696,59.677042103267,15.306156000187,Sweden
219964186355874,28.097056722574,-80.67269749922,United States
2802621646654958,51.511044490424,-0.032679563851508,United Kingdom
281366793647305,47.210137427606,-122.05617123943,United States
984045459051751,32.959838627241,-96.821136922176,United States
1241916479599875,39.62470769112,-104.90692353557,United States
1219999275567313,35.99258844669924,139.75239820678462,Japan
135435645209607,30.238618630236,-97.205679672707,United States
573235266987339,44.426304733916,10.419795586705,Italy
760402448172346,64.096134456023,14.037665328603,Norway
1672569746285265,48.705315546896,6.1885556527064,France
1674594859593079,52.532703553653285,24.99541327978924,Belarus
191353849472520,-26.686569722434,153.10604972248,Australia
1729207973954460,36.715356294641,-3.3939587985661,Spain
4878149662201741,52.199226468231,-1.6212506029297,United Kingdom
1409258999425412,45.457148980901,8.4534338674901,Italy
311676823848087,50.003837505509,10.887960673377,Germany
1636165486582457,27.562781026026,-81.64723052875,United States
778512003319443,-11.842647257492237,31.38545322760161,Zambia
2384270421717074,36.974776231987,-86.436491775231,United States
1011091623120543,4.737699399244447,-74.25590006542386,Colombia
486826779296266,26.300258501024,-80.19707740518,United States
4262705973760151,-36.222720647414,-59.044752706386,Argentina
138133028824347,48.28967101940268,6.693642841233746,France
261732492303576,52.274819199615,13.742839735252,Germany
741588056521875,57.877233232783,12.038437415705,Sweden
3251860715040210,43.502483153867,-5.7760062007877,Spain
1047361862458217,37.740313651414,-121.40324663647,United States
2684777895145960,53.520520286861,-2.272870107171,United Kingdom
327403872101058,46.941255524843,28.627086452972,"Moldova, Republic of"
464559504824232,47.693622599972,108.4980055,Mongolia
238406877731577,52.734905090924,15.281398732803,Poland
466109288045486,48.057563749707,11.402830034024,Germany
295336592073685,53.585010598828,-0.36208160065788,United Kingdom
951457912062570,47.382009717463,19.406553019324,Hungary
293087775706460,55.877854602851,12.830536295512,Sweden
4667666449915913,46.250231642559,-119.37021612455,United States
179203640752536,32.878230665828,-96.87484115887,United States
382844290426965,52.84141616926502,9.189804586844586,Germany
132593992247491,43.685572004063,3.9785535901901,France
480472416563049,64.090574000264,19.614809000204,Sweden
317344579763804,17.547474550271,102.84275641443,Thailand
1147571895759795,-36.096998144035,174.24108766713,New Zealand
761396061244949,38.243290112748,-5.8245679752624,Spain
2839266393004051,40.574820824948,17.966705345111,Italy
1169599230225464,-39.563761391193,174.80427031644,New Zealand
1881451182014858,42.200512190194,-78.300814095234,United States
154486019990300,45.039083288905,19.76142042859,Serbia
544371673226662,55.848578613825,48.884409202511,Russian Federation
143578505073716,-5.548075968276782,105.52425998229752,Indonesia
478655803461521,48.085506266438,16.301498157088,Austria
621527912159780,38.730255092265,-121.84902999025,United States
721634442263905,35.72475474787748,139.93704529828346,Japan
511766263288216,29.925126741563,-95.182867833243,United States
4599894960026807,-34.6382629926,146.46382513372,Australia
157987500156860,57.71381801077112,22.45673491842281,Latvia
1441019096243704,37.303332807805,139.00109750057,Japan
546796036731055,25.80637937312721,69.32883432011522,Pakistan
922773015560042,32.69873695621789,131.81423515205506,Japan
249366210040802,34.841463101761,33.44883909968,Cyprus
2499569430177637,-17.658890085277775,-65.96825262527778,"Bolivia, Plurinational State of"
389328515420793,44.587759307303,4.7043215028582,France
169768651622514,43.751861968542,7.3404380479582,France
375599814175631,41.030249236963,-111.51035162538,United States
210282427353916,9.9587529675334,-84.1964551256,Costa Rica
312266796930414,-38.136131285345,145.12416257228,Australia
158216389641190,35.704029703822,-0.56389913861449,Algeria
149126647193071,32.787959956282,-96.835564083219,United States
167716098522307,28.837303952752,-81.654507396052,United States
226782028826439,30.009476014829,30.984798476484,Egypt
2589563334680642,19.139336392389,102.29110346426,Lao People's Democratic Republic
500829307624622,14.847534243438,-91.517816839879,Guatemala
295712488796858,6.6988000767723,-1.640167499503,Ghana
593835629040299,45.18164823221209,13.931835658671687,Croatia
1408803779478961,-33.000286782367,151.6856779991,Australia
542551586766406,30.388445996322,-86.4786123029,United States
251395900052492,32.535789724512,-107.48622645144,United States
285237889871114,37.16549720634,140.6582116616,Japan
795591911393826,-41.270381288398,147.16147248124,Australia
1367961713668015,26.17274206887848,50.570599378935896,Bahrain
842107419724611,41.369907519789,-75.127470346523,United States
954570485304238,50.869081654939,4.6263635339059,Belgium
538584510466332,53.286874506354,11.551764201431,Germany
841812170050300,68.425527814003,18.428893923027,Norway
223459875866392,18.243169096106,83.026479959061,India
358992585573249,43.642632214107,-116.22152396245,United States
808968713158265,48.2488711966,14.620221403878,Austria
143300741106517,52.041644050748,-0.75229514271779,United Kingdom
456774532056965,48.345916275054,6.9554347381837,France
518131705865300,37.891945271202,-78.827039215702,United States
928667224578936,-5.8463612353592,-35.203604466991,Brazil
321039019487196,39.420312206987,-121.91250289743,United States
393248088393730,53.23098355,7.4947080166667,Germany
781802989186764,44.158892336519,-77.447447572306,Canada
324745369002466,41.235647387567,27.704530477999,Türkiye
1001659890375436,55.892926701686,37.514202993617,Russian Federation
138203148295406,-12.973514120208,-38.435746735533,Brazil
304033371173903,28.015091269251,-81.663897126281,United States
473282423997545,-19.016149329574,-50.447839841479,Brazil
304474607784737,50.852932653839,13.104855524417,Germany
485970082516184,42.724163060691,-83.026612112646,United States
286647669665980,53.192658584014,5.9974479286163,Netherlands
490211165433505,53.40998,6.196598,Netherlands
701362920910265,46.79252446528084,5.623965187840695,France
3431996160392597,50.31151990000001,7.0680082,Germany
293415045765491,45.689789379602,22.866557555731,Romania
523134962180649,48.525236888045,9.2571815225723,Germany
131908562207793,-38.335388129056,146.22159506155,Australia
611773226405828,15.515162341729,73.835181460543,India
171944074851734,21.031315156678,105.76623379124,Viet Nam
172438714800883,39.375144471546,32.814582762021,Türkiye
289404239577873,39.632271799945,141.08479958949,Japan
3933001836791795,44.327091704186,3.8407200639188,France
3959088967501425,63.415882501367,10.811491426071,Norway
778942206342770,58.368354550089,26.692534169124,Estonia
6331027580255979,46.516802875491,27.742279579528,Romania
507640333578916,45.776611684743,-0.43196960584707,France
924448848289267,50.483675753601,36.408052558069,Russian Federation
358796632548635,32.97318957874354,-84.59985495257007,United States
1189626688117822,54.097441008297,61.596385159081,Russian Federation
855994531796086,45.793546118903,-108.55131740842,United States
900943934098547,45.362174872167,-75.927618072734,Canada
210931533853762,43.603047929503,-1.4157053869865,France
515728746109495,53.424809366672,13.354096161456,Germany
1107281879741245,-33.683284907988,151.01308652863,Australia
153136293447648,48.523862217853,-3.5756546835408,France
756548911682352,35.420613364706,-78.529214471446,United States
148081057288973,43.489204181155,-1.4623284497192,France
219642939920970,57.486665895248,14.300268606164,Sweden
1172776819810371,45.675412997488,-0.15549635284182,France
251156363124206,27.361151990384,-82.196227199221,United States
4457295400966777,42.268530458375,-71.381421481329,United States
3032184470361224,48.708023781253,21.271879986589,Slovakia
1181848288921276,41.407659254676,-111.53967637692,United States
270695751291110,43.039905638387616,11.812661005487907,Italy
505145380784250,56.404596386193,43.728851626917,Russian Federation
323946062493678,39.373596960722,32.725765094443,Türkiye
559917961659782,30.055431647253,31.412429202759,Egypt
282904400159356,48.072984664021,12.159380938113,Germany
2125077910963303,59.61853396424,16.263946881967,Sweden
480357713277022,43.429536339163,2.1738487852853,France
1561588427365020,17.704702323315,99.231023739939,Thailand
1401308947373185,50.66455524303243,-120.42611629662872,Canada
2564988100463305,-23.170794615021,-46.768461573589,Brazil
3946298005464765,-34.877243436136,138.75622117265,Australia
1228379674284699,35.181296224026,-113.98189192956,United States
389318775623543,41.636612968975,-111.9196116631,United States
288384459667488,55.276735695115,10.459291626828,Denmark
378914629984758,56.255120049222,-3.3244814770149,United Kingdom
2870639489818300,47.773026027484,-122.36122329671,United States
389707275916040,-34.0994859743762,-56.23645098637236,Uruguay
1894267307407058,42.267591526519,-71.184460236736,United States
150214437141695,18.42887669758836,103.72871129438556,Lao People's Democratic Republic
844252856484221,-26.27234286970635,-48.84098492712554,Brazil
2732295920393804,54.971665259692,-1.5696360974256,United Kingdom
2373942312750015,31.600742121491,-110.56281451904,United States
4089945514360004,40.052409477132,17.994132360737,Italy
463209061576447,44.021444801512,-92.483749202243,United States
391105752029933,44.415122341437,26.126478598165,Romania
1438152306528476,48.818562330871,7.9938009363407,France
783927322260490,33.891671808964,132.83902630652,Japan
1399567233754411,38.774628268767,-90.527203427341,United States
948888999203943,43.519840436819,16.482227803286,Croatia
932438350943299,-23.096371481109,31.421266290605,South Africa
1214616555624025,14.45780910808,101.66379976904,Thailand
162387199150359,47.996011350488,17.333333864819,Slovakia
2942353376046755,45.360843806154,13.605712228492,Croatia
2545484569092938,45.049891159287,38.97024769828,Russian Federation
908641159704956,52.2047554742,-6.994955941355,Ireland
306357194400614,-25.730758118948,24.998354108637,Botswana
1127309871121361,60.162617652165,30.183114208162,Russian Federation
580257696531117,53.86844563804808,10.560888789270695,Germany
1476557909354308,54.183111721542,37.543368826238,Russian Federation
520820869282431,42.567414358689,-84.522777558218,United States
934471147342411,56.645319645697,47.891804615293,Russian Federation
847643112501374,48.879772090459,2.2164261678396,France
969305840553019,42.383863730161,-90.795728141504,United States
141270694581342,53.277497040572,-9.5312126965019,Ireland
790243895190506,25.112738525693736,68.81011694611887,Pakistan
214404143496296,-20.2166542335,-40.327813323665,Brazil
304311197863884,62.265047216775,25.481115428767,Finland
4259165717449557,45.190474870302,0.30818492185049,France
136201435613489,33.19681298786445,-83.94314046555759,United States
307261110984547,-37.894607821378,144.7394530062,Australia
1021808975323875,43.029050578488736,11.86375229140685,Italy
919570558824612,49.318656267293,9.3999398099133,Germany
569352054030056,17.213585928198,103.80729168296,Thailand
760358634669570,57.851606041137,24.48881428859,Latvia
419109155949046,37.696911949436,-0.84328067717208,Spain
300827958293257,46.83064513823,17.018507174676,Hungary
972693423537791,45.152122604373,5.6825321322271,France
176048761088792,36.157048617373,-78.773043523267,United States
172526782143869,46.37611577462547,-86.56735415597613,United States
2547958248846420,-37.78865210052,175.26345961903,New Zealand
745897656086834,-23.777744540177,-46.491988552386,Brazil
148083497272744,59.494501140167,17.94924864769,Sweden
957641205054145,30.330982766224,-97.348275554967,United States
872078840051018,51.766785452138,14.082168589684,Germany
1115144812706194,28.670505186721808,77.35674258604716,India
1071702393354879,12.143925488824,-86.241707806829,Nicaragua
182692253736216,53.237426116779,6.6252802251236,Netherlands
315597979955649,33.374184267795,-86.801753885799,United States
698186964537293,29.30521810570144,-94.77236339786631,United States
169049621799922,32.411986085536,-99.761927119302,United States
797884204486523,39.454262543062,-0.34249767881091,Spain
3733522180090952,27.13314436037,-81.796178739149,United States
1996415470523322,38.96890908096,-77.063822712126,United States
1421088001631638,51.07504484921082,-117.92692853081398,Canada
146225037941730,53.79693048924921,11.265998915023635,Germany
124627722976258,51.108940882785,17.009749336424,Poland
499615767830451,52.773561558218,-1.3721536275115,United Kingdom
267754721741426,55.909035912478,-3.2172023642975,United Kingdom
310067184056134,45.828105013667,24.979645186835,Romania
5557759577629931,36.764920646591,-88.371382979257,United States
307315234368002,-43.938996,171.609297,New Zealand
1105455476590874,-23.534905782767,-46.638733757523,Brazil
219932419596510,52.072565030574,-1.3752029357353,United Kingdom
220194722779326,43.31289854068,-3.9454917754408,Spain
166558662023152,-27.885641512293,152.98045242815,Australia
481380556417889,24.954094002916,68.327859552264,Pakistan
804985907112279,-33.110242001349,151.64457467263,Australia
545930056580626,24.911883987808626,68.44649282228374,Pakistan
252228243032356,-37.140612316479,142.51897797721,Australia
2848788798705746,35.379600159684,136.78073465003,Japan
130311475781843,-34.490849860399,150.91053075812,Australia
745963229408746,38.874146782743,-110.75493375548,United States
650696482981137,40.12399088611112,23.966723633333327,Greece
134398418731502,51.491474796564,13.289512081805,Germany
1230854877330634,40.783645337167,-77.801430603866,United States
2362881370520202,39.97983589999896,64.3093864,Uzbekistan
524443708766967,48.34853147809,6.2404423627897,France
1665692770485601,-6.3644685365828,106.79986684079,Indonesia
151576897380110,40.879341388888896,-124.01502305555556,United States
552621242602969,42.552714987186,23.436819944447,Bulgaria
235873941632939,-39.930189756957,175.57683105572,New Zealand
819975068628490,38.796221957605056,-9.247999012400763,Portugal
484818272638533,40.594724138231,-93.968304409991,United States
455311635750638,47.377998704949,18.860893970498,Hungary
886938908524822,25.096289573942,69.51998739403,Pakistan
1166674737439160,53.0785476031438,11.216985496164051,Germany
291754952538775,38.711353914462,-9.180017033653,Portugal
195763395556960,51.835145609483,1.2081791788687,United Kingdom
776727259653736,44.362750736018,23.745456024218,Romania
203863488019120,46.813721178195,4.8276715105436,France
597281435000204,45.843606271683,6.6429667898825,France
4323778927645974,53.069420304787,5.5314118173455,Netherlands
1434546973655145,43.82088427754682,4.557059451928173,France
490007558910204,55.465138626534,10.563569976854,Denmark
287476149740574,-34.407966788775,150.85572762162,Australia
2645744619056904,46.317646241869,-96.122528249131,United States
284427296895711,32.7621056070048,-116.97016279815102,United States
894174411363172,47.617168264306,1.2774014735829,France
467366614504765,-38.304354200686,146.27880279054,Australia
519900736043526,37.613152793821,15.171139990018,Italy
799120837657150,42.650270618037,-73.753876484888,United States
5510108195730084,42.940987092351,-82.945959794177,United States
769097857310476,25.269796873034,55.4078270265,United Arab Emirates
727494474585268,59.26952100071,18.008727999578,Sweden
802883997310353,38.46259234062,-79.689763787087,United States
1692817344258913,48.631003066882,-122.83367561202,United States
945329149614705,39.468490272769,-0.39971837926886,Spain
1463379950720625,51.541080380311,13.464882905787,Germany
864620424092482,50.908028467599,4.5137495138374,Belgium
1907018919474242,37.166504800495,-80.413044177955,United States
471094680983877,53.086362596331,-3.9879724540471,United Kingdom
212277097114155,-23.837118909663,29.392862405044,South Africa
431959261489895,46.12809337981707,0.4850845466749278,France
3065704250324639,-1.9210894497168307,29.89888585899297,Rwanda
766013747390590,48.135003799054,11.666101408583,Germany
340533540835450,33.162946825495,129.82508071647,Japan
1090304324790146,42.161499987796,-71.354075558747,United States
3126957360884521,47.44901036408317,12.157371071421103,Austria
364537511938641,-22.787415831707424,-47.64788273970625,Brazil
518324945960912,44.589888154243,25.462822567558,Romania
303017221262825,-0.11860333333333,30.047245,Uganda
1396823937451731,51.0645219116606,0.3342765750432043,United Kingdom
1657648474650506,29.42687105442464,47.63993226313539,Kuwait
434083021670017,46.33238140000001,13.1830771,Italy
465560774721861,49.349070743588,0.90127910239915,France
477505563493142,48.40068314,6.85143538,France
137579721697860,25.194490773982,69.581990491541,Pakistan
883642549148367,50.830199988465,9.0126416753146,Germany
831462357578391,38.707059196379,-9.302432406468,Portugal
137192194999932,47.834210387744,-1.9064198446613,France
948168556022348,18.766515987449,99.088380529758,Thailand
340636240942068,43.965446983311,-79.461621807903,Canada
1115778432235368,61.761128089731,28.232845726555,Finland
4196671893723593,37.071627229786,140.6885915843,Japan
1567999743404909,55.51746648925,8.4249628035627,Denmark
186451913343311,38.577778611333,139.55939794804,Japan
190465679563312,40.631590216329,-8.0152329052966,Portugal
160347229276516,34.690328317807,33.044581793652,Cyprus
899711917475921,41.381762265932,-71.978104101295,United States
817475806270264,-41.4052372,173.02004229999815,New Zealand
189612509648399,27.304119680706,-82.550208096089,United States
4324745697559871,43.990403347897,-71.178621513936,United States
272257371300964,63.629956437848,11.066455358904,Norway
293524122507724,27.5995884925632,68.75701827439482,Pakistan
491199618964242,61.794989769871,30.622598774747,Russian Federation
306479364425666,-31.113998278776,149.76746964599,Australia
175873227788965,26.077086079538,68.369398984517,Pakistan
201243324961306,50.973219150288,10.299342464432,Germany
845840082985414,68.54838707559625,15.745014823582617,Norway
2830233427214568,39.306656782571,-102.2601594852,United States
459873931964625,51.197449899887,71.386494855161,Kazakhstan
139227821548818,52.649852958363,8.1583879680398,Germany
1194115161048057,26.413767028858,68.46781714331,Pakistan
159066712845666,53.361230748298,30.38239945119,Belarus
194413522593947,44.864832056963145,0.773430332237787,France
1295308197891848,33.820674000000004,11.039906999999998,Tunisia
585564418997834,59.583041485447,30.136851403669,Russian Federation
828090101517799,6.914581827709445,158.29092994206698,"Micronesia, Federated States of"
1249431248793389,5.6651238630868,-72.960595885128,Colombia
373998000562310,39.691721635209,-77.317207164848,United States
524528328956362,12.942623859544,77.597377284227,India
197146662121733,25.266432071874,51.409823780957,Qatar
2887920661478997,58.926952179746,17.395195313847,Sweden
745264646148303,35.909484185718,139.20323788019,Japan
1532608073772169,39.45599785805512,-122.51408222452098,United States
1416416515835961,45.90157869999873,20.2168013999978,Serbia
853740141890549,34.349828371421,-118.53861666966,United States
2519012011739834,47.661760427499,9.17016854152,Germany
574055880643599,67.91995081119745,24.41883621066294,Finland
482712319633946,-33.393029038957,-70.614565041144,Chile
473210390612679,49.51711306845,12.162706724716,Germany
298201211751528,53.721775868654,18.199511435608,Poland
527819401561561,33.965624908158,-96.394260268843,United States
870208646892673,44.033366536941,4.7880949329248,France
317383626671903,27.137369088105,49.557917370853,Saudi Arabia
1386134528453171,-12.064439680544,-77.040344621349,Peru
290026492618073,32.146032387855,34.827278616782,Israel
1152803908564125,-43.810788237848,172.67520417161,New Zealand
3996828110354283,52.108001856316,11.781153770204,Germany
983713539056732,14.487170211558,-90.524535072718,Guatemala
302355594759677,5.7913702294854,-0.33855153325353,Ghana
462546361671475,45.726511905774,-0.55194415360677,France
6328628793821222,6.5904928846499,3.3385024312212,Nigeria
908980276566968,39.306719035673,-96.909458994658,United States
948250522680987,27.9960048200488,69.84961506391726,Pakistan
488269348893825,44.024976404365,6.1716720808559,France
1391817324533591,56.825580115136,24.22947170079,Latvia
1665554327166784,40.004607691711,-0.022502183024039,Spain
384137896127449,51.503619171184,-0.26131018568567,United Kingdom
311995660281696,53.562457753047,20.99376649722,Poland
290260149233705,43.122085834921,141.65886351444,Japan
2293707194096530,41.726858045276,-86.897474997236,United States
142919407843878,47.633117586266,-1.8095132265831,France
3473184736115835,16.070230084819,108.23751073429,Viet Nam
214610787044330,-1.7836489718465187,29.880107074417623,Rwanda
962183001259578,-29.220962122382,27.857575583392,Lesotho
322731362584933,45.984573833787,28.571881000585,"Moldova, Republic of"
1496664067400872,43.13555347375279,142.09529313835003,Japan
779671949402026,39.527980640913,-121.46730909606,United States
188091349836904,36.790721706834,22.514922908588,Greece
330331118509630,65.590276857846,22.036151238541,Sweden
945198366282570,37.134428614231,-97.401980361682,United States
828492544443630,38.917738676073,-85.835224079602,United States
832173401066828,30.566895024534,-85.021755807221,United States
4113224668772117,53.024752005978,7.849193605594,Germany
486645149263683,43.569408492398,-90.099794861358,United States
1505760706476542,51.92310826834121,-2.656541893454902,United Kingdom
938712540260471,33.283868642163,-79.716202177676,United States
847920242491711,50.29560471983,18.729318628465,Poland
136831475163706,57.988134933165,56.274662249839,Russian Federation
3597014197189750,46.992536706196,-1.5983093034282,France
375621440492682,39.201922043277,-96.611648085757,United States
521695348852812,49.460117926243,11.07867664552,Germany
5153277774797645,-9.633034864744586,-37.774257963121705,Brazil
4054076321295849,61.531148205077,23.598062867534,Finland
484000619472873,16.103904013663,108.13772340554,Viet Nam
295993622241943,35.190570091612,135.36256491606,Japan
683236876508154,47.926090797836665,-119.4487522653262,United States
734039510624486,37.746224006059,-92.358441262105,United States
934094657446493,48.981040781865,1.9123908451909,France
507103510304716,47.609428316604,-122.32735671074,United States
227203315875712,29.370501693112,-82.228346925133,United States
433150198232502,47.80963986646719,-124.08756503123831,United States
754504888566046,-22.956701697042,-43.196288311682,Brazil
1155286881614482,46.254080485458,12.708237556609,Italy
872665633286279,56.956834910666,24.277693230578,Latvia
530182688357114,39.855001236333,-75.478627523632,United States
192020326839883,29.3219420450708,47.9588652400598,Kuwait
2881239882096781,30.480567784208,-87.079316240442,United States
246291074306435,46.81466858814687,5.495595024185136,France
527313165069025,54.390015069483,55.944973182398,Russian Federation
846375885968963,45.268837046327,39.003377116731,Russian Federation
803470096957181,33.473383164279,-85.272999186037,United States
787090668836156,-1.3122034922243,36.775956959311,Kenya
1232563070531467,37.928579968743,-97.847593405603,United States
698029251978858,32.86894346775164,130.89017789587555,Japan
480791216675992,44.056445831937,17.449385276923,Bosnia and Herzegovina
492797335198180,59.982547744411,30.307254680878,Russian Federation
4046596015420590,-20.932985626465,55.638261647882,Réunion
588159889242822,27.49487749941,-82.63801475998,United States
1410085476026157,-24.061787262017,-46.560340110668,Brazil
923106161815886,47.871391558197,10.237149828611,Germany
254643253118426,35.626174563706,139.7425344696,Japan
227545872141726,43.729025383759,-72.970823477094,United States
1164807463981120,43.636322683697,-1.4187286411218,France
501300267662466,15.6548759,102.53887577162,Thailand
1000102364131375,57.131566999721,18.280254000263,Sweden
2610917092536217,52.642618404161,13.301969140211,Germany
534544431555030,16.799810412523115,100.10950647503044,Thailand
746540309560375,52.192459925676,13.697157673538,Germany
2919963118280519,58.076369050166,16.187602283669,Sweden
385666009221718,17.482249807836,101.61927798054,Thailand
872208907055690,-20.518736122499984,-47.381698989166665,Brazil
440292997128745,38.378053935182,-95.248766581889,United States
3015215328701946,34.076495932802,-78.152109956542,United States
461048918293340,-24.012946997679,-46.265696669008,Brazil
474469730291737,46.695208660297,-0.70501223256879,France
241547387758880,41.287973134648,28.603921378102,Türkiye
1960765917412932,62.318635857203,-6.5582452283794,Faroe Islands
2958311747778043,-42.759710188347,146.53056246915,Australia
579467529696359,57.128195641648,35.464065872997,Russian Federation
207082084299995,54.650151083663,8.3568952931284,Germany
512434843228888,43.96581790804,20.395865817513,Serbia
303248531332646,34.611084240821,-112.38137658243,United States
294870522182927,-26.063896107668,27.96109213578,South Africa
1625882847612475,50.482998977603,19.220716023184,Poland
155516726611534,36.78873055496,-76.399000003405,United States
580990202872981,53.733827031541,27.516956894816,Belarus
300491014874187,-0.95149928131848,-77.811752457931,Ecuador
2804759503170101,47.085164779116,-1.4104448764163,France
250750333475221,37.736979917703,-87.141035177177,United States
537612503896171,39.142488832382,-123.21377365825,United States
1408626526164075,43.849213382263,0.13996051376169,France
473053334030784,52.054939973028,5.014438121584,Netherlands
357412912475996,35.348116000167,-111.78978945984,United States
230728968823845,51.544726593551,-0.13500410812792,United Kingdom
810113839883285,37.277706897158,-121.85429065401,United States
299003678561134,36.981169898976,-77.236643971221,United States
584161805806140,15.514466987432,-87.664430816885,Honduras
477273216687074,29.160802417769,-80.977787107301,United States
341748514035977,1.3649299930183,103.96201768021,Singapore
4128125157249293,30.368191333035,-83.805109891494,United States
164286548978822,38.924886394572,-104.76881131794,United States
321459582887279,34.173013545295,-84.126348085249,United States
571752133799138,4.6177275984889,-74.105544562817,Colombia
955552691911299,58.49811799827,24.857438203339,Estonia
772579776796191,37.039504437805,-112.28863829168,United States
4392382574114630,35.408763893475,-85.018341191159,United States
2805506636376509,53.639647399341,-2.9686284238789,United Kingdom
1167061200400276,35.309095004486,132.65887805163,Japan
5699018796862015,-34.5695124193934,-72.01496702083811,Chile
1243378416500224,-8.535511295696498,126.91312086506451,Timor-Leste
839513990107938,-23.591190259859,-46.496944702008,Brazil
332686554946084,-34.72101478997,-58.373874704666,Argentina
857373011844212,38.545475770658,-121.56857220411,United States
482810069623621,35.608153275058,-110.47383637308,United States
166401755430352,41.656182963408,-72.227304612412,United States
1104924506654265,37.980362971116,139.93731081193,Japan
492060845268420,52.752116676914,4.9767634905183,Netherlands
463079454787552,59.584440277778,11.164284444444,Norway
169662271632143,50.338082837624,3.8995213032646,France
3884355664987299,54.915772116198,20.484150283049,Russian Federation
283332546832564,44.938244870692,-92.919978369953,United States
386479152968286,24.49015047950318,54.61182722934297,United Arab Emirates
962890677864360,37.957849250304,23.86171217657,Greece
1160884424400896,42.636897352541695,2.6211582683345305,France
135377185569311,53.9035208,15.293745099999995,Poland
511752074266658,54.16875690609624,10.626272214338766,Germany
654074722125372,30.187406771179,-84.024303805922,United States
913453796110346,-37.410784726569,143.31985697114,Australia
477093496907590,49.403742249759,9.2510819869139,Germany
523214435715904,38.919280592776,-94.750102376706,United States
178250590725394,-6.8487239295629,-78.036133147019,Peru
239946547898775,-36.524092623551,146.05540368549,Australia
846646126039414,-36.01269596901,146.03789916036,Australia
468545911137440,54.887507857647,20.401809622979,Russian Federation
458727345357630,32.964195109734,-96.964076359564,United States
1197516400687945,45.63296996772,9.3630438574433,Italy
121513516639610,-22.565770121732,-48.563849546892,Brazil
151168566982197,44.121521593444,-70.431684252725,United States
1864015443755470,36.860676038669,-76.395326884471,United States
499802144557484,1.3156829822378,103.9602467377,Singapore
216199110008957,-33.039669024023,-71.570212458794,Chile
4039487356140255,25.700950722139,55.9677060799,United Arab Emirates
294910508999637,27.02865416794992,67.67535028687445,Pakistan
506257134772980,17.722310500000003,-94.48179489999816,Mexico
758627108182262,55.441628283928,13.806945982826,Sweden
887833135135603,52.110027615359,-106.71212888318,Canada
311435030358193,35.890357957125,-78.622107044862,United States
2953589714963549,-22.730668030659,-47.602911010026,Brazil
1078369839425464,-17.379663590667217,-65.12027040064115,"Bolivia, Plurinational State of"
739812653381532,25.537209813623,69.9600928432,Pakistan
162301235867803,-23.982080155271,-46.400843723599,Brazil
2867674160113128,-3.7334737120299,-38.553846819598,Brazil
504217877286647,36.09995233167,138.25313528254,Japan
1269988183424358,46.82886168169431,6.33696589842659,France
515910766232854,40.865878607404,-80.561628598048,United States
267391551686470,37.89927316045711,139.02231270280666,Japan
299925601710748,49.303910931719,4.1374595156086,France
404843640477627,39.295716629982,140.94437925474,Japan
203112014827774,35.856931984661,138.75682372795,Japan
1597322080468351,3.8362342191103,11.476494226558,Cameroon
155455763201168,46.612493089739,-120.53223710382,United States
468246304420853,55.864159612061,37.76201968428,Russian Federation
912183442953046,41.150635588051,-82.217988322388,United States
514798862861875,46.034376561971,12.162526451398,Italy
173716504653634,38.586554897356,-109.56397567031,United States
267874601737006,36.058323995115,-86.730091924635,United States
812739346116733,43.975533337378,19.952974981159,Serbia
1195048414282972,56.829486189364,22.56007564893,Latvia
2998017440485280,63.013300218315,14.491827876573,Sweden
312693777057306,55.550600420723,43.942262997145,Russian Federation
2974694462753232,33.468215388314,-112.09142758141,United States
1142828526222832,51.257951254759,-0.59488909625026,United Kingdom
199038195371787,50.673441000142,5.6808360007221,Belgium
363888655041266,54.780643677185,55.918609807663,Russian Federation
1083203065542223,51.289467230008,45.570518450016,Russian Federation
4760806270601209,-24.045529608758,-52.372226333441,Brazil
1464335797247206,53.346639884395,-2.2538267654172,United Kingdom
2844901905759394,-7.148849001194,111.57727299907,Indonesia
1003424356856308,43.906446899912,1.2409018357199,France
738027776876103,16.049184513775,108.15173830429,Viet Nam
213159857055578,43.229010115658,-2.8210002163274,Spain
513898022939995,56.968919482499,21.941571720146,Latvia
962016201420280,47.63581666666668,-2.9063666666666665,France
2814043092167848,35.596712644048,138.50373142185,Japan
169830401722623,45.405468642006,9.153918488731,Italy
527235381983590,17.512569191999,103.43475723776,Thailand
771621336701654,45.75508079827,25.7147244031,Romania
282437606945984,42.722240342156,21.085090465086,XK
3815970648515453,46.748604684616,-120.77971512347,United States
896587714235369,36.273319504021,-88.331533206554,United States
842521293004938,31.817304258831,130.2808196715,Japan
213007574256050,-17.20548000166667,-67.34217538472221,"Bolivia, Plurinational State of"
926228215485885,-12.204857432480374,-76.94168782569491,Peru
264145368740093,56.299038843836,10.371757823837,Denmark
5306419102761596,-13.108598670051,-49.201334679044,Brazil
2289444351186349,57.683872324748,10.465664473066,Denmark
1164090610757387,36.223654171812,-119.79818289971,United States
2929570027361740,59.517043386544,16.188519866958,Sweden
971880276802359,-20.3108218367406,-43.578732309327584,Brazil
479721873286909,51.889659760023,-8.4238432516665,Ireland
289832892781901,36.115120913488,-82.955174876599,United States
1218282575358848,44.06321889787267,-121.34122945296272,United States
2844121055917613,-12.084487350016,-76.927136684864,Peru
531617981221871,-23.209459409671,-46.810737632443,Brazil
569224130729544,36.325417716208,138.42650641059,Japan
925840694896999,10.178897525763,-83.783476377708,Costa Rica
1216102382153773,53.615723996885,10.07220599732,Germany
473415647322651,49.169114908105,20.286379204971,Slovakia
2964099887246419,50.221317264811,19.097213641201,Poland
485184449270013,-36.908994954101,-72.778638272785,Chile
310645820448693,48.971724010054,9.4955190206133,Germany
1112041522623989,17.600891670409,106.29313832522,Viet Nam
1175488092968207,4.8948510965763,114.93294195529,Brunei Darussalam
125355236927179,5.327604083978419,163.0298092099404,"Micronesia, Federated States of"
909568972943936,44.96713427808,20.234790273737,Serbia
284245916726906,47.314072192367,-122.01012941175,United States
1031405740720919,40.890612866266,-77.881495656243,United States
3001840466727029,56.567855427321,9.489282410834,Denmark
3168034153425321,40.058976057151,-76.306018575641,United States
211200817670259,53.2187666356302,6.936060560836422,Netherlands
159898472746898,57.190643361421,41.11309325122,Russian Federation
196162015678591,23.094997321692,57.678808330053,Oman
1591358041070687,45.550408987439,-0.36249912555547,France
994537821301829,38.81699840196174,-121.26261941878384,United States
521890578826489,-15.870445660153,-47.957962700142,Brazil
925696961328374,45.754961341337,-121.51786591795,United States
538660710458232,49.228648348922,8.0852533651342,Germany
184957490037182,54.006191719771,38.287445487726,Russian Federation
2828397757401127,40.550451394271,-82.978713781757,United States
1440556832959196,6.1436373211938,5.2014026772057,Nigeria
5783790461661678,41.21334519435,-96.071857902447,United States
294754588944517,39.742059196251,-104.4339605182,United States
181788620499529,37.45342503977,24.933950261556,Greece
154179246647487,38.961881505285,-76.208870850456,United States
783536862339316,50.77671401860325,-4.54154986568671,United Kingdom
339573537593711,60.0851179151,14.552873247659,Sweden
1134796816985856,60.338712274139,24.297190479475,Finland
488996878977078,32.93936152316,10.457087441247,Tunisia
477706346850456,42.014763588598,-71.887719740255,United States
2752642378361688,35.3300483537451,133.7550291850911,Japan
166184395795973,40.297575267069895,-124.25093042308094,United States
1562251717581492,48.00973972623381,8.870579360208502,Germany
295908198642951,43.759463444726,-79.27880318751,Canada
476127920366863,38.09205332613,13.306789262736,Italy
887297158664367,47.661691363615,22.493588634837,Romania
456722675392335,44.704408323559,-93.485796071646,United States
309425960750393,14.599653175793,121.079334986,Philippines
589121272118961,48.087563642330295,8.218658105802488,Germany
2929492880708307,36.410851726494,127.6246107307,"Korea, Republic of"
1110903306086873,51.833779281735,12.936742807256,Germany
792327541694446,36.085520956033,-89.550735931412,United States
377410893691391,27.996529657454,-81.982369667885,United States
1096211384194033,48.776870285175,8.5767831237591,Germany
463890228010632,34.828752112448,10.761286702022,Tunisia
1076676592819585,48.932564173765,2.5140306082319,France
256010032974923,38.227211226718,-85.69918676989,United States
1458762887849206,50.67740404429,-120.3215170642,Canada
833828350889006,24.415223526531,54.506468738909,United Arab Emirates
476833946708239,36.029886476739,-86.783665982139,United States
758573088355404,37.677732412048,-97.402938107904,United States
841979650075625,12.779182544446662,76.74313733945503,India
603581773909553,42.991972099942,-76.091981903315,United States
150666743689893,50.616397245693,6.6574271534415,Germany
460883218544224,40.458652917542,50.129618277708,Azerbaijan
170554294967706,43.570483811005,7.1046436013038,France
1774536602748504,40.872014046845,29.280792248084,Türkiye
147621887330362,54.204014069,37.410888614081,Russian Federation
367970288053937,-33.516922743122,-70.711515977441,Chile
180715267265487,54.683816748817,32.137962253272,Russian Federation
158991312756328,52.324256137341,-1.6690803895514,United Kingdom
137318562257027,35.2021580040864,25.48047551436242,Greece
239655774615902,25.236854603936,51.382065047141,Qatar
2572063629592896,45.437561540474896,14.198267112944745,Croatia
226685755459185,53.199844036578,-6.0990412250961,Ireland
813771735932622,38.995509589998,-77.170014591457,United States
303519834478752,37.98054934910272,-0.7060688840765033,Spain
939305109954175,48.37764895000081,7.095996330000374,France
954876068672611,51.196780854775,13.128661732142,Germany
840848020182591,39.020089575658,29.41320808743,Türkiye
2851234498424672,34.616212057325,-92.783529960183,United States
516955579566017,44.03415832399203,-121.52576614719791,United States
583287315978602,46.90073347029711,13.531953996510277,Austria
839174226950533,47.323725216570935,13.13568454164541,Austria
300298271548286,48.937086284509,8.904370724091,Germany
5950679548315722,49.0924858129962,-123.72176891581556,Canada
513036696501654,45.738470697161,-73.992238167528,Canada
334614784702024,41.276856408751,-112.02806000962,United States
3820495754744975,-25.51476213395,-54.579559552192,Paraguay
5494353433971557,40.229707263127,-89.204470561036,United States
471284750751875,58.296748365336,24.608023436919,Estonia
604529810507217,52.234584857445,21.058189213995,Poland
182555517048393,51.903985548678,8.4656724050274,Germany
293595019107877,43.875586072438,-102.25605329452,United States
4154940474589379,40.750231790756,-119.28496392603,United States
4238051449589646,-33.81271621748,150.77577789176,Australia
174055891304003,43.093888689004,-76.075275643399,United States
509409397499379,25.68520557518189,-100.6598157161045,Mexico
218670836376962,58.177935985437,13.636977007887,Sweden
274703737711939,59.218261,17.770665,Sweden
523612139012002,17.665510760648,103.07811453931,Thailand
913276002863911,41.074004638708,16.937706728611,Italy
319989149729802,44.667529823034,25.663421293318,Romania
300753658232743,37.690744037496,-122.06853012353,United States
785208895513742,29.914360501714,-82.425104316519,United States
3062026307350822,48.951567799551,21.241526110945,Slovakia
535194664305772,42.069268623925,-71.134248794206,United States
1052648691927527,-26.125154195206,28.048668196058,South Africa
4385728298128030,43.4618734883,-3.9172022146599,Spain
493798918601323,29.98675924488,-95.730721087309,United States
483641452919151,27.566908262764,-82.081911899953,United States
525574115122250,18.554585792482,73.891813764134,India
908523723266104,42.499331700554,-79.231683424876,United States
211761323812210,60.17811263046,10.346992152249,Norway
3911372945578396,43.368487242492,-8.4130747858462,Spain
170516568292200,41.871291639368,-87.756227249934,United States
827622314793616,34.850371467193,-96.678542272341,United States
769753263905024,41.842906599128,12.583880778915,Italy
133833268726621,60.188343,15.210946,Sweden
522592259094857,45.020660783914,-93.208068368334,United States
553404512293319,60.068642573633,23.812230858123,Finland
304577604718268,-27.82254680473238,-50.326389987767065,Brazil
1332126683838094,46.782332385307,-71.248050643545,Canada
239678347924731,39.652614000962,141.96755899007,Japan
947497009421136,25.748405891387,-80.376466376731,United States
243900464158488,42.488289825247,-6.7017498657176,Spain
173174781342731,-42.700403002438,147.45854663769,Australia
3134912273498909,-24.224216798358217,-46.88954808821445,Brazil
313757194208949,6.822999471819037,81.10994705419417,Sri Lanka
2704553146471139,45.219875003822,-75.716649988271,Canada
478380016552339,-27.585546787884,152.81953029688,Australia
899076514275360,41.349138611022,-83.203101537719,United States
337744697687917,37.082002762847,-120.41895828781,United States
289074629548954,41.847435217346,-91.600047201052,United States
392419386061322,-19.836408003792,-48.735525587128,Brazil
493705062835499,47.30357150317539,-88.36597008359344,United States
183116740982518,37.75327742360626,-100.0265519621238,United States
1170534063596235,40.127946,-75.370117,United States
288324986246428,51.952418914387,7.6029281102985,Germany
324917779192841,-27.71394194349,153.14452092655,Australia
319360279789480,52.702870504734,21.085832617632,Poland
1170060260074346,52.183672916945,0.15839162741032,United Kingdom
160065716044900,51.798826173621,14.089528693208,Germany
531225617900978,36.794869847658,-75.998941695023,United States
4212207935506851,9.9266552645322,-84.043966594911,Costa Rica
3984070111686363,40.981631810009,-8.6320360228713,Portugal
142425351186602,58.838082894921,25.473521636968,Estonia
1157909061339893,-19.630548754279,-42.880182370994,Brazil
320325129531417,56.279520018384,-5.3587937154128,United Kingdom
1896147027204418,53.641852319123,16.007802153356,Poland
2258385404315339,58.06928128549465,13.533801749286631,Sweden
227440829265795,-20.727548298953103,-48.90751014552883,Brazil
1169047576872871,53.370888795547,50.309763788378,Russian Federation
1128165114339762,36.742278071512594,-119.7247765572905,United States
505093410917796,-18.98031432336,-42.10213675608,Brazil
339822014235563,51.861914417866,-2.3510869267346,United Kingdom
437822320626701,31.782068276763,-98.94748715733,United States
957564295021139,54.971083227119,-1.6125716208901,United Kingdom
243765727536202,44.49547076648021,9.790482954689924,Italy
5757914350955923,33.35519038714512,130.25054114170834,Japan
242644777629669,49.017276666614,14.738506176784,Czechia
116989167092592,35.431534712274,-106.08744827984,United States
844625570061967,-8.387696,115.444964,Indonesia
481738539805152,-30.307810262252,151.65628214315,Australia
702444504623592,45.35595672865401,-121.56808439284444,United States
131521725684043,-27.377305867328,-55.884458671672,Argentina
164491188849166,-42.420947452546,147.46519814738,Australia
357444506072421,42.27780173672043,-8.768662613444606,Spain
827102231544274,9.0584874898603,38.745566978108,Ethiopia
1755626084620043,-33.124902198594,151.53715096976,Australia
1116480662095993,32.839101644329,-97.207528540931,United States
3540167786087767,33.867545832327,75.278799714407,India
479426589959380,38.240609622579,-122.05656075397,United States
105905789006790,-35.22646485852046,149.06044838886714,Australia
321462516004779,53.04855378871,7.3269784604723,Germany
1025631484888697,54.73975833333332,-1.514485833333333,United Kingdom
469905437432473,40.62068743,-93.92713313,United States
484375756166995,41.680367529535,-72.413263373469,United States
848706512660433,41.913896384006,12.663869504234,Italy
289899699283902,48.486124054352,12.014506340873,Germany
297031365371184,56.105666763605,40.348166828267,Russian Federation
1047280035798196,37.451862367454,-79.959916826747,United States
199422801900414,38.81879169809,-120.03495798524,United States
735805637086354,39.835806276724,16.301853819555,Italy
203445884774348,-33.08919275631,-71.554951186177,Chile
2870819849840286,39.525816021749,-81.938682270902,United States
1132684783872500,34.870792043246,-86.748931545426,United States
220711169479849,-35.441995123914,-71.669196160926,Chile
186269316702756,44.696732582283,-69.693810781393,United States
814622502822521,-33.397105408723,-70.756357671612,Chile
315783196605745,52.83372990232,40.874462200285,Russian Federation
1142831872887547,37.024340902787,35.100690298116,Türkiye
481271346487409,40.065527652931,-82.795656369926,United States
1147913469021985,46.0930871478,6.4116776124276,France
545674986424206,40.502709769595,-88.906729973874,United States
474493656999661,16.50877453379,-95.049963341849,Mexico
468770254228123,5.2107522552194,100.61188711139,Malaysia
384360442808388,43.024559005887,-74.936623209173,United States
324076815886251,44.98765167639714,38.99212497908825,Russian Federation
295128922235311,50.575346010166,11.808656985771,Germany
576742827164783,-33.83723776617339,151.02636824020988,Australia
2978329015786517,37.966312315632,23.766960621997,Greece
248938330316099,48.954392317187,2.3385533023554,France
283417126790395,48.586424761216,5.8896027362045,France
319783756443053,59.529591223289,26.023695235278,Estonia
2837898186452502,-32.401161350307,152.46032276856,Australia
407975277723663,-23.111685839599,-46.59330561403509,Brazil
4194273907303519,24.744614475232,68.273771171667,Pakistan
183033417011642,59.767099566033,28.749997528776,Russian Federation
181277693850528,53.208001508266,-6.1252316332185,Ireland
1158324124641664,37.57248130015,126.96223579002,"Korea, Republic of"
2804054103242138,49.567104225665,10.965964896223,Germany
5849398428411553,54.590845793712,-2.8418318198986,United Kingdom
453496232416788,53.518556604348,-6.4197936345567,Ireland
295221695756125,40.62407079664665,-6.548958793154943,Spain
154200246705497,44.82268090128,20.454446709905,Serbia
475543533672247,39.742653305564,-94.225860071132,United States
4400704173282029,52.017729901531,0.14760583542574,United Kingdom
862901364292578,-35.232876260668,137.16343066981,Australia
490410235482804,42.545938365663,-83.069140533123,United States
